{"name":"f4fe9361-550e-42ee-b478-88b03b32922e","id":"/providers/Microsoft.Flow/flows/f4fe9361-550e-42ee-b478-88b03b32922e","type":"Microsoft.Flow/flows","properties":{"apiId":"/providers/Microsoft.PowerApps/apis/shared_logicflows","displayName":"Get Approval List","definition":{"metadata":{"workflowEntityId":null,"processAdvisorMetadata":null,"flowclientsuspensionreason":"None","flowclientsuspensiontime":null,"flowclientsuspensionreasondetails":null,"creator":{"id":"8ef215c0-ebbf-474c-a99d-b32634775a1f","type":"User","tenantId":"ac8a1c7d-f463-4ce3-9fa6-9643ab6c36bb"},"provisioningMethod":"FromDefinition","failureAlertSubscription":true,"clientLastModifiedTime":"2022-11-03T18:19:18.8735162Z"},"$schema":"https://schema.management.azure.com/providers/Microsoft.Logic/schemas/2016-06-01/workflowdefinition.json#","contentVersion":"1.0.0.0","parameters":{"$connections":{"defaultValue":{},"type":"Object"},"$authentication":{"defaultValue":{},"type":"SecureObject"}},"triggers":{"When_an_item_is_created":{"recurrence":{"frequency":"Minute","interval":1},"splitOn":"@triggerOutputs()?['body/value']","metadata":{"operationMetadataId":"b6bce111-d39b-454a-a456-ae8a7c7841fb"},"type":"OpenApiConnection","inputs":{"host":{"apiId":"/providers/Microsoft.PowerApps/apis/shared_sharepointonline","connectionName":"shared_sharepointonline","operationId":"GetOnNewItems"},"parameters":{"dataset":"https://gov210645.sharepoint.com/sites/PowerAppControlCenter","table":"f1503b64-8538-4c86-95bd-0821a8bdb1be"},"authentication":"@parameters('$authentication')"}}},"actions":{"Get_item_-_Get_All_item_information":{"runAfter":{},"metadata":{"operationMetadataId":"a423d0a4-0e46-4b3b-984a-4096aaee8b28"},"type":"OpenApiConnection","inputs":{"host":{"apiId":"/providers/Microsoft.PowerApps/apis/shared_sharepointonline","connectionName":"shared_sharepointonline","operationId":"GetItem"},"parameters":{"dataset":"https://gov210645.sharepoint.com/sites/PowerAppControlCenter","table":"f1503b64-8538-4c86-95bd-0821a8bdb1be","id":"@triggerOutputs()?['body/ID']"},"authentication":"@parameters('$authentication')"}},"Initialize_variable_-_GroupID":{"runAfter":{"Get_item_-_Get_All_item_information":["Succeeded"]},"metadata":{"operationMetadataId":"5d581aac-9e97-46ad-a873-f5b8a8501f90"},"type":"InitializeVariable","inputs":{"variables":[{"name":"GroupID","type":"string"}]}},"Initialize_variable_-_Approvers":{"runAfter":{"Initialize_variable_-_GroupID":["Succeeded"]},"metadata":{"operationMetadataId":"1bfc4ad2-b7cd-43f3-87aa-de5a34525ea3"},"type":"InitializeVariable","inputs":{"variables":[{"name":"Approvers","type":"string"}]}},"Compose_-_Show_Claims_information":{"runAfter":{"Initialize_variable_-_Approvers":["Succeeded"]},"metadata":{"operationMetadataId":"105f429b-fd0b-4972-8447-f00f70c29e0b"},"type":"Compose","inputs":"@outputs('Get_item_-_Get_All_item_information')?['body/Office365Group/Claims']"},"Compose_-_Get_GroupID":{"runAfter":{"Compose_-_Show_Claims_information":["Succeeded"]},"metadata":{"operationMetadataId":"12e42d84-c012-44a6-ae1d-b9dbe436d298"},"type":"Compose","inputs":"@split(outputs('Compose_-_Show_Claims_information'),'|')"},"Set_variable_-_GroupID":{"runAfter":{"Compose_-_Get_GroupID":["Succeeded"]},"metadata":{"operationMetadataId":"0370680c-cfe1-4634-8214-b98855dccda5"},"type":"SetVariable","inputs":{"name":"GroupID","value":"@{outputs('Compose_-_Get_GroupID')[2]}"}},"List_group_members":{"runAfter":{"Set_variable_-_GroupID":["Succeeded"]},"metadata":{"operationMetadataId":"822727c2-cd5d-4fdc-afe9-22e573ee7ea2"},"type":"OpenApiConnection","inputs":{"host":{"apiId":"/providers/Microsoft.PowerApps/apis/shared_office365groups","connectionName":"shared_office365groups","operationId":"ListGroupMembers"},"parameters":{"groupId":"@variables('GroupID')"},"authentication":"@parameters('$authentication')"}},"Compose_-_Results":{"runAfter":{"List_group_members":["Succeeded"]},"metadata":{"operationMetadataId":"651828a1-28de-47f3-91b2-2949a75c0043"},"type":"Compose","inputs":"@body('List_group_members')"},"Apply_to_each":{"foreach":"@outputs('List_group_members')?['body/value']","actions":{"Append_to_string_variable":{"runAfter":{},"metadata":{"operationMetadataId":"f498e090-d202-432a-a9f6-a69c9624ea52"},"type":"AppendToStringVariable","inputs":{"name":"Approvers","value":"@{items('Apply_to_each')?['mail']};"}}},"runAfter":{"Compose_-_Results":["Succeeded"]},"metadata":{"operationMetadataId":"330ebecd-a12d-4240-92e2-b27f7c857bae"},"type":"Foreach"},"Compose_-_Show_approver_List":{"runAfter":{"Apply_to_each":["Succeeded"]},"metadata":{"operationMetadataId":"92c63974-6426-4853-8c77-c76a5b947737"},"type":"Compose","inputs":"@variables('Approvers')"},"Start_and_wait_for_an_approval":{"runAfter":{"Compose_-_Show_approver_List":["Succeeded"]},"metadata":{"operationMetadataId":"2d6d88c5-0f3f-402e-b247-28e5bd4d779d"},"type":"OpenApiConnectionWebhook","inputs":{"host":{"apiId":"/providers/Microsoft.PowerApps/apis/shared_approvals","connectionName":"shared_approvals","operationId":"StartAndWaitForAnApproval"},"parameters":{"approvalType":"Basic","WebhookApprovalCreationInput/title":"Test Approvals","WebhookApprovalCreationInput/assignedTo":"@{variables('Approvers')};","WebhookApprovalCreationInput/details":"Test Approval Details","WebhookApprovalCreationInput/enableNotifications":true,"WebhookApprovalCreationInput/enableReassignment":true},"authentication":"@parameters('$authentication')"}}}},"connectionReferences":{"shared_sharepointonline":{"connectionName":"shared-sharepointonl-56492db8-abda-4f45-8d97-de3b-62bcbd4f","source":"Embedded","id":"/providers/Microsoft.PowerApps/apis/shared_sharepointonline","tier":"NotSpecified"},"shared_office365groups":{"connectionName":"f3d998728ef14923844929a3fd2a4769","source":"Embedded","id":"/providers/Microsoft.PowerApps/apis/shared_office365groups","tier":"NotSpecified"},"shared_approvals":{"connectionName":"4dee225066c34bcab2881d837cd36af7","source":"Embedded","id":"/providers/Microsoft.PowerApps/apis/shared_approvals","tier":"NotSpecified"}},"flowFailureAlertSubscribed":false,"isManaged":false}}